"","X.1","X","Date","Latitude","Longitude"
"1",1,1,1857-11-25,38.600423,-90.221624
"2",2,2,1858-01-18,30.696441,-88.180356
"3",3,3,1858-03-21,30.696441,-88.180356
"4",4,4,1858-05-02,39.311111,-94.922464
"5",5,5,1858-12-30,38.600423,-90.221624
"6",6,6,1860-05-20,43.919952,-94.70262
"7",7,7,1864-08-02,35.136443,-89.302732
"8",8,8,1864-09-12,37.005329,-89.176461
"9",9,9,1864-12-30,36.162664,-86.781602
"10",10,10,1865-03-24,30.696441,-88.180356
"11",11,11,1865-06-23,32.366805,-86.299969
"12",12,12,1865-09-16,35.706522,-81.218693
"13",13,13,1867-08-30,35.706522,-81.218693
"14",14,14,1868-06-28,35.706522,-81.218693
"15",15,15,1868-09-20,35.706522,-81.218693
"16",16,16,1869-03-28,35.706522,-81.218693
"17",17,17,1870-02-01,35.706522,-81.218693
"18",18,18,1899-12-11,35.706522,-81.218693
"19",19,19,1925-07-12,47.65878,-117.426047
"20",20,20,1925-08-14,47.65878,-117.426047
"21",21,21,1925-10-24,47.65878,-117.426047
"22",22,22,1925-11-03,47.65878,-117.426047
"23",23,23,1925-11-27,47.65878,-117.426047
"24",24,24,1926-01-19,47.65878,-117.426047
"25",25,25,1926-03-24,47.65878,-117.426047
"26",26,26,1926-05-01,47.65878,-117.426047
"27",27,27,1926-09-16,44.055391,-91.666352
"28",28,28,1926-11-16,44.055391,-91.666352
"29",29,29,1928-01-04,44.055391,-91.666352
"30",30,30,1927-05-07,44.055391,-91.666352
"31",31,31,1927-09-21,44.055391,-91.666352
"32",32,32,1927-10-29,44.055391,-91.666352
"33",33,33,1928-09-07,44.055391,-91.666352
"34",34,34,1929-12-04,44.055391,-91.666352
"35",35,35,1930-12-08,44.055391,-91.666352
"36",36,36,1931-10-29,44.055391,-91.666352
"37",39,39,1925-12-13,47.65878,-117.426047
"38",40,40,1927-02-12,44.055391,-91.666352
"39",41,41,1928-11-05,43.038903,-87.906474
"40",42,42,1928-12-26,43.038903,-87.906474
"41",43,43,1929-01-07,43.038903,-87.906474
"42",44,44,1929-03-19,43.038903,-87.906474
"43",45,45,1929-05-12,42.886447,-78.878369
"44",46,46,1929-06-30,42.886447,-78.878369
"45",47,47,1930-10-08,42.886447,-78.878369
"46",48,48,1930-11-19,42.886447,-78.878369
"47",49,49,1930-12-26,42.886447,-78.878369
"48",50,50,1927-09-20,43.038903,-87.906474
"49",51,51,1927-05-12,43.038903,-87.906474
"50",52,52,1927-06-21,43.038903,-87.906474
"51",53,53,1927-08-02,43.038903,-87.906474
"52",54,54,1930-12-15,43.038903,-87.906474
"53",55,55,1924-12-01,44.088606,-87.657584
"54",56,56,1925-03-26,44.088606,-87.657584
"55",57,57,1873-12-31,33.787794,-117.853112
"56",58,58,1852-06-13,39.103118,-84.51202
"57",59,59,1859-06-05,39.103118,-84.51202
"58",60,60,1852-06-13,39.103118,-84.51202
"59",61,61,1854-05-04,39.103118,-84.51202
"60",62,62,1859-06-05,39.103118,-84.51202
"61",63,63,1866-11-21,39.103118,-84.51202
"62",64,64,1850-01-25,39.103118,-84.51202
"63",65,65,1851-01-26,39.103118,-84.51202
"64",66,66,1853-07-07,39.103118,-84.51202
"65",67,67,1854-06-14,39.091449,-84.495776
"66",68,68,1855-03-04,41.291673,-92.649359
"67",69,69,1855-04-03,41.291673,-92.649359
"68",70,70,1856-04-13,41.291673,-92.649359
"69",71,71,1856-11-22,41.291673,-92.649359
"70",72,72,1857-02-01,41.291673,-92.649359
"71",73,73,1857-10-29,41.291673,-92.649359
"72",74,74,1858-12-20,41.291673,-92.649359
"73",75,75,1859-04-15,41.291673,-92.649359
"74",76,76,1861-01-07,41.291673,-92.649359
"75",77,77,1866-03-15,41.291673,-92.649359
"76",78,78,1866-10-05,41.291673,-92.649359
"77",79,79,1867-02-22,41.291673,-92.649359
"78",80,80,1867-12-08,41.291673,-92.649359
"79",81,81,1854-06-13,39.091449,-84.495776
"80",82,82,1854-07-10,39.091449,-84.495776
"81",83,83,1856-04-21,41.291673,-92.649359
"82",84,84,1856-11-25,41.291673,-92.649359
"83",86,86,1857-01-02,41.291673,-92.649359
"84",87,87,1857-10-29,41.291673,-92.649359
"85",88,88,1859-12-01,40.359211,-91.434598
"86",89,89,1860-11-18,40.359211,-91.434598
"87",90,90,1860-12-05,40.359211,-91.434598
"88",91,91,1862-04-10,40.359211,-91.434598
"89",92,92,1850-01-25,39.103118,-84.51202
"90",93,93,1851-01-26,39.103118,-84.51202
"91",94,94,1852-06-13,41.291673,-92.649359
"92",95,95,1853-07-07,39.103118,-84.51202
"93",96,96,1854-04-02,41.291673,-92.649359
"94",97,97,1854-06-14,39.091449,-84.495776
"95",98,98,1855-03-04,41.291673,-92.649359
"96",99,99,1855-03-04,41.291673,-92.649359
"97",100,100,1856-04-13,41.291673,-92.649359
"98",101,101,1856-04-13,41.291673,-92.649359
"99",102,102,1856-11-22,41.291673,-92.649359
"100",104,104,1857-02-01,41.291673,-92.649359
"101",105,105,1857-10-29,41.291673,-92.649359
"102",106,106,1858-12-20,41.291673,-92.649359
"103",107,107,1859-04-15,41.291673,-92.649359
"104",108,108,1861-01-07,41.291673,-92.649359
"105",109,109,1866-03-15,41.291673,-92.649359
"106",110,110,1854-06-13,39.091449,-84.495776
"107",111,111,1854-07-10,39.091449,-84.495776
"108",112,112,1855-03-22,41.291673,-92.649359
"109",113,113,1856-04-21,41.291673,-92.649359
"110",114,114,1856-08-14,41.291673,-92.649359
"111",115,115,1859-12-01,40.359211,-91.434598
"112",116,116,1860-11-18,40.359211,-91.434598
"113",117,117,1862-04-10,40.359211,-91.434598
"114",118,118,1854-01-27,42.331427,-83.045754
"115",119,119,1854-01-29,42.331427,-83.045754
"116",121,121,1861-09-10,42.331427,-83.045754
"117",122,122,1854-11-22,42.331427,-83.045754
"118",124,124,1870-09-28,42.331427,-83.045754
"119",125,125,1880-04-25,42.331427,-83.045754
"120",126,126,1857-07-27,42.331427,-83.045754
"121",127,127,1869-07-17,42.331427,-83.045754
"122",129,129,1857-10-18,42.331427,-83.045754
"123",130,130,1858-06-29,42.331427,-83.045754
"124",131,131,1864-02-16,42.331427,-83.045754
"125",132,132,1869-07-18,42.331427,-83.045754
"126",133,133,1855-04-08,42.331427,-83.045754
"127",134,134,1857-07-26,42.331427,-83.045754
"128",135,135,1857-08-11,42.331427,-83.045754
"129",136,136,1858-02-14,42.331427,-83.045754
"130",137,137,1858-06-29,42.331427,-83.045754
"131",138,138,1860-11-09,42.331427,-83.045754
"132",139,139,1864-08-24,42.331427,-83.045754
"133",140,140,1864-10-02,42.331427,-83.045754
"134",141,141,1867-04-25,42.331427,-83.045754
"135",142,142,1867-04-25,42.331427,-83.045754
"136",143,143,1867-09-12,42.331427,-83.045754
"137",144,144,1869-03-25,42.331427,-83.045754
"138",145,145,1869-06-20,42.331427,-83.045754
"139",146,146,1872-06-30,42.331427,-83.045754
"140",147,147,1874-12-26,42.331427,-83.045754
"141",148,148,1875-02-21,42.331427,-83.045754
"142",149,149,1876-05-25,42.331427,-83.045754
"143",150,150,1876-11-26,42.331427,-83.045754
"144",151,151,1877-04-02,42.331427,-83.045754
"145",152,152,1878-08-11,42.331427,-83.045754
"146",153,153,1884-03-28,42.331427,-83.045754
"147",158,158,1859-01-10,42.331427,-83.045754
"148",159,159,1859-09-25,42.331427,-83.045754
"149",160,160,1860-04-17,42.331427,-83.045754
"150",161,161,1862-03-30,42.331427,-83.045754
"151",162,162,1862-12-26,42.331427,-83.045754
"152",163,163,1864-09-16,42.331427,-83.045754
"153",164,164,1865-03-12,42.331427,-83.045754
"154",165,165,1866-09-19,42.331427,-83.045754
"155",166,166,1867-04-18,42.331427,-83.045754
"156",167,167,1868-02-02,42.331427,-83.045754
"157",168,168,1870-01-14,42.331427,-83.045754
"158",169,169,1870-05-15,42.331427,-83.045754
"159",172,172,1852-10-20,42.331427,-83.045754
"160",173,173,1853-08-01,42.331427,-83.045754
"161",174,174,1864-09-27,42.331427,-83.045754
"162",175,175,1874-12-29,42.331427,-83.045754
"163",176,176,1853-07-24,42.331427,-83.045754
"164",178,178,1863-01-04,42.331427,-83.045754
"165",180,180,1854-01-22,42.331427,-83.045754
"166",181,181,1860-03-22,42.331427,-83.045754
"167",184,184,1885-05-11,41.916434,-83.39771
"168",185,185,1883-04-10,43.020335,-78.880315
"169",186,186,1888-01-19,43.020335,-78.880315
"170",187,187,1892-01-24,43.020335,-78.880315
"171",188,188,1899-07-06,43.020335,-78.880315
"172",190,190,1906-03-20,43.020335,-78.880315
"173",193,193,1883-04-10,43.020335,-78.880315
"174",194,194,1899-07-06,43.020335,-78.880315
"175",195,195,1906-03-20,43.020335,-78.880315
"176",196,196,1904-02-12,43.020335,-78.880315
"177",205,205,1892-09-03,43.020335,-78.880315
"178",206,206,1894-04-13,43.020335,-78.880315
"179",208,208,1847-03-06,38.627003,-90.199404
"180",209,209,1836-12-03,39.103118,-84.51202
"181",210,210,1838-06-12,41.2381,-85.853047
"182",211,211,1871-12-03,39.290385,-76.612189
"183",212,212,1848-11-20,40.440625,-79.995886
"184",213,213,1859-05-01,38.094173,-120.868759
"185",214,214,1859-08-17,40.259485,-89.233424
"186",216,216,1858-08-11,44.97469,-92.75687
"187",217,217,1854-07-16,43.386106,-88.74566
"188",218,218,1855-04-07,43.386106,-88.74566
"189",219,219,1856-02-03,43.386106,-88.74566
"190",220,220,1857-04-06,43.386106,-88.74566
"191",221,221,1857-07-01,43.386106,-88.74566
"192",222,222,1858-07-03,43.386106,-88.74566
"193",223,223,1862-05-03,38.811436,-89.953157
"194",224,224,1863-02-09,38.811436,-89.953157
"195",225,225,1864-02-01,38.811436,-89.953157
"196",226,226,1864-11-03,38.811436,-89.953157
"197",227,227,1866-04-08,38.811436,-89.953157
"198",228,228,1869-01-17,38.811436,-89.953157
"199",229,229,1871-02-28,38.811436,-89.953157
"200",230,230,1858-09-11,44.97469,-92.75687
"201",231,231,1883-12-03,37.77493,-122.419416
"202",232,232,1874-01-29,40.712784,-74.005941
"203",233,233,1874-07-01,40.708116,-73.95707
"204",234,234,1874-09-20,40.708116,-73.95707
"205",235,235,1874-12-20,40.678178,-73.944158
"206",236,236,1875-05-05,40.678178,-73.944158
"207",237,237,1875-10-01,37.77493,-122.419416
"208",238,238,1877-02-06,37.77493,-122.419416
"209",239,239,1877-03-30,37.77493,-122.419416
"210",240,240,1881-05-29,37.77493,-122.419416
"211",241,241,1881-10-30,37.77493,-122.419416
"212",242,242,1877-03-30,37.77493,-122.419416
"213",244,244,1866-09-02,40.678178,-73.944158
"214",245,245,1867-02-02,43.222841,-77.371658
"215",246,246,1869-07-25,40.712784,-74.005941
"216",247,247,1870-02-07,40.712784,-74.005941
"217",248,248,1870-05-26,40.712784,-74.005941
"218",249,249,1870-10-30,40.712784,-74.005941
"219",250,250,1871-01-22,40.712784,-74.005941
"220",251,251,1871-07-30,40.712784,-74.005941
"221",252,252,1871-10-01,40.712784,-74.005941
"222",253,253,1872-01-28,40.712784,-74.005941
"223",254,254,1872-05-25,40.712784,-74.005941
"224",255,255,1872-07-31,40.712784,-74.005941
"225",256,256,1872-10-06,40.712784,-74.005941
"226",257,257,1872-10-06,40.712784,-74.005941
"227",258,258,1872-10-06,40.712784,-74.005941
"228",259,259,1873-01-12,40.712784,-74.005941
"229",260,260,1873-03-18,40.712784,-74.005941
"230",261,261,1873-04-10,40.712784,-74.005941
"231",262,262,1873-10-15,40.712784,-74.005941
"232",263,263,1873-12-10,40.712784,-74.005941
"233",264,264,1874-01-29,40.712784,-74.005941
"234",265,265,1874-07-01,40.708116,-73.95707
"235",267,267,1874-12-20,40.678178,-73.944158
"236",268,268,1875-05-05,40.678178,-73.944158
"237",269,269,1875-10-01,37.77493,-122.419416
"238",270,270,1877-02-06,37.77493,-122.419416
"239",271,271,1880-05-21,37.77493,-122.419416
"240",272,272,1880-08-01,37.77493,-122.419416
"241",273,273,1881-03-01,37.77493,-122.419416
"242",274,274,1881-05-29,37.77493,-122.419416
"243",275,275,1881-10-30,37.77493,-122.419416
"244",276,276,1882-05-08,37.77493,-122.419416
"245",278,278,1883-12-03,37.77493,-122.419416
"246",287,287,1887-05-08,37.77493,-122.419416
"247",292,292,1904-01-30,37.77493,-122.419416
"248",293,293,1913-01-09,38.291859,-122.458036
"249",294,294,1914-06-15,38.291859,-122.458036
"250",295,295,1915-01-06,38.291859,-122.458036
"251",297,297,1846-05-14,40.756672,-82.518584
"252",298,298,1844-06-09,29.951066,-90.071532
"253",299,299,1836-01-10,40.756672,-82.518584
"254",300,300,1846-04-20,39.758948,-84.191607
"255",301,301,1884-01-23,39.952584,-75.165222
"256",302,302,1903-07-08,40.678178,-73.944158
"257",303,303,1887-09-12,40.678178,-73.944158
"258",304,304,1888-01-17,40.678178,-73.944158
"259",305,305,1902-01-27,40.678178,-73.944158
"260",307,307,1920-01-10,40.678178,-73.944158
"261",308,308,1894-06-15,40.678178,-73.944158
"262",309,309,1902-09-17,40.678178,-73.944158
"263",310,310,1902-10-19,40.678178,-73.944158
"264",311,311,1903-01-13,40.678178,-73.944158
"265",312,312,1903-07-08,40.678178,-73.944158
"266",313,313,1906-12-10,40.678178,-73.944158
"267",314,314,1907-05-11,40.678178,-73.944158
"268",315,315,1915-10-11,40.678178,-73.944158
"269",316,316,1915-11-17,40.678178,-73.944158
"270",317,317,1916-05-16,40.678178,-73.944158
"271",318,318,1890-03-07,40.678178,-73.944158
"272",319,319,1890-03-17,40.678178,-73.944158
"273",320,320,1891-07-24,40.678178,-73.944158
"274",321,321,1892-01-21,40.678178,-73.944158
"275",322,322,1892-12-24,40.678178,-73.944158
"276",323,323,1895-05-09,40.678178,-73.944158
"277",324,324,1896-03-19,40.678178,-73.944158
"278",325,325,1896-06-26,40.678178,-73.944158
"279",326,326,1896-10-24,40.678178,-73.944158
"280",327,327,1897-07-30,40.678178,-73.944158
"281",328,328,1897-10-05,40.678178,-73.944158
"282",329,329,1898-01-23,40.678178,-73.944158
"283",330,330,1898-04-29,40.678178,-73.944158
"284",331,331,1898-11-06,40.678178,-73.944158
"285",332,332,1899-06-12,40.678178,-73.944158
"286",336,336,1902-11-16,40.678178,-73.944158
"287",337,337,1902-12-16,40.678178,-73.944158
"288",338,338,1903-02-13,40.678178,-73.944158
"289",339,339,1905-12-10,40.678178,-73.944158
"290",340,340,1916-08-27,40.678178,-73.944158
"291",341,341,1906-09-08,40.678178,-73.944158
"292",342,342,1907-06-18,40.678178,-73.944158
"293",343,343,1915-01-01,40.678178,-73.944158
"294",344,344,1915-11-04,40.678178,-73.944158
"295",345,345,1916-01-01,40.678178,-73.944158
"296",346,346,1916-03-19,40.678178,-73.944158
"297",349,349,1919-07-16,40.678178,-73.944158
"298",350,350,1919-07-22,40.678178,-73.944158
"299",352,352,1854-10-22,43.183884,-88.988442
"300",353,353,1855-06-17,43.183884,-88.988442
"301",354,354,1855-09-19,44.450808,-89.284836
"302",355,355,1860-02-14,44.450808,-89.284836
"303",356,356,1861-03-24,44.450808,-89.284836
"304",357,357,1862-02-02,44.450808,-89.284836
"305",358,358,1862-06-15,44.450808,-89.284836
"306",359,359,1862-12-26,44.450808,-89.284836
"307",360,360,1863-09-09,44.450808,-89.284836
"308",361,361,1864-11-13,44.450808,-89.284836
"309",363,363,1867-03-16,44.450808,-89.284836
"310",364,364,1867-05-06,44.450808,-89.284836
"311",365,365,1867-10-06,44.450808,-89.284836
"312",366,366,1868-02-09,44.450808,-89.284836
"313",367,367,1868-10-18,44.450808,-89.284836
"314",368,368,1872-10-20,44.450808,-89.284836
"315",369,369,1875-01-25,44.450808,-89.284836
"316",370,370,1875-05-26,44.450808,-89.284836
"317",371,371,1873-12-08,41.878114,-87.629798
"318",372,372,1869-01-30,42.360083,-71.05888
"319",373,373,1902-06-12,44.977753,-93.265011
"320",374,374,1878-03-06,44.024706,-88.542614
"321",375,375,1902-09-01,44.024706,-88.542614
"322",376,376,1902-12-11,44.024706,-88.542614
"323",377,377,1925-11-18,44.024706,-88.542614
"324",378,378,1926-01-21,44.024706,-88.542614
"325",379,379,1926-04-18,44.024706,-88.542614
"326",380,380,1926-06-21,44.024706,-88.542614
"327",381,381,1927-11-26,44.024706,-88.542614
"328",382,382,1928-12-01,44.024706,-88.542614
"329",383,383,1930-04-12,44.024706,-88.542614
"330",384,384,1879-03-08,30.267153,-97.743061
"331",385,385,1869-03-29,30.267153,-97.743061
"332",386,386,1869-10-22,30.267153,-97.743061
"333",387,387,1872-10-09,30.267153,-97.743061
"334",388,388,1873-10-24,30.267153,-97.743061
"335",389,389,1874-01-04,30.267153,-97.743061
"336",390,390,1876-01-01,30.267153,-97.743061
"337",391,391,1880-09-01,40.712784,-74.005941
"338",392,392,1880-09-03,40.712784,-74.005941
"339",393,393,1880-09-26,40.712784,-74.005941
"340",394,394,1880-10-04,40.712784,-74.005941
"341",395,395,1880-10-29,40.712784,-74.005941
"342",396,396,1880-12-10,40.712784,-74.005941
"343",397,397,1880-12-26,30.166883,-96.397744
"344",398,398,1881-02-20,30.166883,-96.397744
"345",399,399,1881-03-07,30.166883,-96.397744
"346",400,400,1881-04-24,30.166883,-96.397744
"347",402,402,1881-05-01,30.166883,-96.397744
"348",403,403,1881-05-20,30.166883,-96.397744
"349",404,404,1880-10-29,30.166883,-96.397744
"350",405,405,1881-06-08,30.166883,-96.397744
"351",406,406,1883-12-12,30.166883,-96.397744
"352",407,407,1927-05-03,40.712784,-74.005941
"353",408,408,1927-08-23,40.712784,-74.005941
"354",409,409,1927-09-20,40.712784,-74.005941
"355",410,410,1928-04-20,40.712784,-74.005941
"356",411,411,1928-06-19,40.712784,-74.005941
"357",412,412,1928-08-06,40.712784,-74.005941
"358",413,413,1928-10-25,40.712784,-74.005941
"359",414,414,1928-12-11,40.712784,-74.005941
"360",415,415,1928-12-11,40.712784,-74.005941
"361",416,416,1929-02-18,40.712784,-74.005941
"362",417,417,1929-09-03,40.712784,-74.005941
"363",418,418,1934-12-11,40.712784,-74.005941
"364",419,419,1937-12-11,40.712784,-74.005941
"365",420,420,1887-03-01,48.923328,-97.918148
"366",421,421,1890-02-28,48.923328,-97.918148
"367",422,422,1890-03-08,48.923328,-97.918148
"368",423,423,1895-01-06,48.923328,-97.918148
"369",424,424,1921-04-13,48.923328,-97.918148
"370",425,425,1921-08-02,48.923328,-97.918148
"371",426,426,1921-10-15,48.923328,-97.918148
"372",427,427,1937-04-26,48.793881,-97.62231
"373",428,428,1948-05-03,48.923328,-97.918148
"374",429,429,1923-10-03,48.793881,-97.62231
"375",430,430,1924-01-06,48.793881,-97.62231
"376",431,431,1925-09-09,41.878114,-87.629798
"377",432,432,1925-09-19,41.878114,-87.629798
"378",433,433,1925-11-14,41.878114,-87.629798
"379",434,434,1926-01-01,41.878114,-87.629798
"380",435,435,1926-03-14,41.878114,-87.629798
"381",436,436,1926-03-21,41.878114,-87.629798
"382",437,437,1926-04-26,41.878114,-87.629798
"383",438,438,1926-05-01,41.878114,-87.629798
"384",439,439,1926-05-25,40.712784,-74.005941
"385",440,440,1926-06-10,40.712784,-74.005941
"386",441,441,1926-06-19,40.712784,-74.005941
"387",442,442,1926-09-01,40.712784,-74.005941
"388",443,443,1926-09-30,40.712784,-74.005941
"389",444,444,1926-11-15,40.712784,-74.005941
"390",445,445,1927-01-12,40.712784,-74.005941
"391",446,446,1927-02-02,40.712784,-74.005941
"392",447,447,1927-07-23,40.712784,-74.005941
"393",448,448,1927-08-21,40.712784,-74.005941
"394",449,449,1927-09-10,40.712784,-74.005941
"395",450,450,1927-10-01,40.712784,-74.005941
"396",451,451,1927-12-03,40.712784,-74.005941
"397",452,452,1928-01-02,40.712784,-74.005941
"398",453,453,1928-02-15,40.712784,-74.005941
"399",454,454,1928-03-12,40.712784,-74.005941
"400",455,455,1928-09-17,40.712784,-74.005941
"401",456,456,1928-04-29,40.712784,-74.005941
"402",457,457,1928-05-20,40.712784,-74.005941
"403",458,458,1928-05-31,40.712784,-74.005941
"404",459,459,1928-12-30,40.712784,-74.005941
"405",460,460,1929-02-13,40.712784,-74.005941
"406",461,461,1929-03-10,40.712784,-74.005941
"407",462,462,1929-05-30,40.712784,-74.005941
"408",463,463,1929-12-03,40.712784,-74.005941
"409",464,464,1930-03-04,40.712784,-74.005941
"410",465,465,1930-03-30,40.712784,-74.005941
"411",466,466,1930-04-16,40.712784,-74.005941
"412",467,467,1932-02-03,41.878114,-87.629798
"413",468,468,1934-11-16,40.712784,-74.005941
"414",469,469,1936-02-02,40.712784,-74.005941
"415",470,470,1936-05-29,40.712784,-74.005941
"416",471,471,1936-08-08,40.712784,-74.005941
"417",472,472,1936-09-16,40.712784,-74.005941
"418",473,473,1936-11-28,40.712784,-74.005941
"419",474,474,1936-12-12,40.712784,-74.005941
"420",475,475,1937-02-28,40.712784,-74.005941
"421",476,476,1937-05-22,40.712784,-74.005941
"422",477,477,1937-10-24,40.712784,-74.005941
"423",478,478,1938-01-09,40.712784,-74.005941
"424",479,479,1938-01-12,40.712784,-74.005941
"425",480,480,1938-03-25,40.712784,-74.005941
"426",481,481,1938-04-09,40.712784,-74.005941
"427",482,482,1938-05-15,40.712784,-74.005941
"428",483,483,1938-07-03,40.712784,-74.005941
"429",484,484,1938-07-30,40.712784,-74.005941
"430",485,485,1938-09-16,40.712784,-74.005941
"431",486,486,1938-10-05,40.712784,-74.005941
"432",487,487,1938-10-30,40.712784,-74.005941
"433",488,488,1938-11-13,40.712784,-74.005941
"434",489,489,1939-01-02,40.712784,-74.005941
"435",490,490,1939-01-30,40.712784,-74.005941
"436",491,491,1939-02-25,40.712784,-74.005941
"437",492,492,1939-03-19,40.712784,-74.005941
"438",493,493,1939-04-29,40.712784,-74.005941
"439",494,494,1939-07-12,40.712784,-74.005941
"440",495,495,1939-07-28,40.712784,-74.005941
"441",496,496,1939-09-03,40.712784,-74.005941
"442",497,497,1939-09-21,41.878114,-87.629798
"443",498,498,1939-09-24,40.712784,-74.005941
"444",499,499,1939-10-01,40.712784,-74.005941
"445",500,500,1939-10-23,40.712784,-74.005941
"446",501,501,1939-11-09,40.712784,-74.005941
"447",502,502,1939-11-20,40.712784,-74.005941
"448",503,503,1940-01-06,40.712784,-74.005941
"449",504,504,1940-03-09,40.712784,-74.005941
"450",505,505,1940-05-13,40.712784,-74.005941
"451",506,506,1940-07-29,40.712784,-74.005941
"452",507,507,1940-09-15,40.712784,-74.005941
"453",508,508,1940-11-11,40.712784,-74.005941
"454",509,509,1940-11-21,40.712784,-74.005941
"455",510,510,1940-12-21,40.712784,-74.005941
"456",511,511,1946-11-29,40.712784,-74.005941
"457",512,512,1947-03-22,40.712784,-74.005941
"458",513,513,1947-05-15,40.712784,-74.005941
"459",514,514,1947-06-27,40.712784,-74.005941
"460",515,515,1947-09-16,40.712784,-74.005941
"461",516,516,1947-10-28,40.712784,-74.005941
"462",517,517,1947-11-24,40.712784,-74.005941
"463",518,518,1947-12-14,40.712784,-74.005941
"464",519,519,1948-02-09,40.712784,-74.005941
"465",520,520,1948-04-09,40.712784,-74.005941
"466",521,521,1948-07-02,40.712784,-74.005941
"467",522,522,1948-09-15,40.712784,-74.005941
"468",523,523,1948-10-13,40.712784,-74.005941
"469",524,524,1949-02-06,40.712784,-74.005941
"470",525,525,1949-02-22,40.712784,-74.005941
"471",526,526,1949-04-01,40.712784,-74.005941
"472",527,527,1950-02-11,40.712784,-74.005941
"473",528,528,1950-07-22,40.712784,-74.005941
"474",529,529,1950-09-21,40.712784,-74.005941
"475",530,530,1950-10-23,40.712784,-74.005941
"476",531,531,1950-11-19,40.712784,-74.005941
"477",532,532,1955-11-18,40.712784,-74.005941
"478",533,533,1957-05-01,42.065369,-74.460152
"479",534,534,1957-06-23,40.712784,-74.005941
"480",535,535,1961-01-10,40.712784,-74.005941
"481",536,536,1961-01-19,40.712784,-74.005941
"482",537,537,1961-02-14,40.712784,-74.005941
"483",538,538,1964-03-11,40.712784,-74.005941
"484",539,539,1964-08-25,40.712784,-74.005941
"485",540,540,1964-08-31,40.712784,-74.005941
"486",541,541,1964-10-22,40.712784,-74.005941
"487",542,542,1964-11-03,40.712784,-74.005941
"488",543,543,1964-11-04,40.712784,-74.005941
"489",544,544,1964-11-14,40.712784,-74.005941
"490",545,545,1964-12-03,40.712784,-74.005941
"491",546,546,1964-12-12,40.712784,-74.005941
"492",547,547,1964-12-30,40.712784,-74.005941
"493",548,548,1965-01-10,40.712784,-74.005941
"494",549,549,1965-02-03,40.712784,-74.005941
"495",550,550,1965-02-25,40.712784,-74.005941
"496",551,551,1965-03-17,40.712784,-74.005941
"497",552,552,1965-04-02,40.712784,-74.005941
"498",553,553,1965-04-08,40.712784,-74.005941
"499",554,554,1965-04-25,40.712784,-74.005941
"500",555,555,1965-10-05,40.712784,-74.005941
"501",556,556,1965-05-31,40.712784,-74.005941
"502",557,557,1965-06-25,40.712784,-74.005941
"503",558,558,1965-07-30,40.712784,-74.005941
"504",559,559,1965-08-18,40.712784,-74.005941
"505",560,560,1965-09-13,40.712784,-74.005941
"506",561,561,1965-09-28,40.712784,-74.005941
"507",562,562,1965-10-02,40.712784,-74.005941
"508",563,563,1965-10-10,40.712784,-74.005941
"509",564,564,1965-11-08,40.712784,-74.005941
"510",565,565,1965-11-19,40.712784,-74.005941
"511",566,566,1965-12-21,40.712784,-74.005941
"512",567,567,1965-12-28,40.712784,-74.005941
"513",568,568,1966-01-12,40.712784,-74.005941
"514",569,569,1966-01-27,40.712784,-74.005941
"515",572,572,1966-03-04,40.712784,-74.005941
"516",573,573,1966-03-24,40.712784,-74.005941
"517",574,574,1966-04-21,40.712784,-74.005941
"518",575,575,1966-05-16,40.712784,-74.005941
"519",576,576,1966-05-13,40.712784,-74.005941
"520",577,577,1966-05-16,40.712784,-74.005941
"521",578,578,1966-06-12,40.712784,-74.005941
"522",579,579,1966-06-20,40.712784,-74.005941
"523",580,580,1966-07-04,40.712784,-74.005941
"524",581,581,1966-07-25,40.712784,-74.005941
"525",582,582,1966-08-15,40.712784,-74.005941
"526",583,583,1966-08-30,40.712784,-74.005941
"527",584,584,1966-09-15,40.712784,-74.005941
"528",585,585,1967-02-18,40.712784,-74.005941
"529",586,586,1968-01-24,40.712784,-74.005941
"530",587,587,1968-02-28,40.712784,-74.005941
"531",588,588,1968-09-30,40.712784,-74.005941
"532",589,589,1968-10-27,40.712784,-74.005941
"534",593,593,1965-05-31,40.712784,-74.005941
"535",594,594,1964-09-20,44.427963,-110.588455
"536",595,595,1947-12-14,40.712784,-74.005941
"537",596,596,1964-08-31,40.712784,-74.005941
"538",597,597,1964-11-14,40.712784,-74.005941
"539",598,598,1964-12-30,40.712784,-74.005941
"540",599,599,1965-02-25,40.712784,-74.005941
"541",600,600,1965-05-31,40.712784,-74.005941
"542",601,601,1965-10-01,40.712784,-74.005941
"543",603,603,1966-03-24,40.712784,-74.005941
"544",604,604,1966-07-04,40.712784,-74.005941
"545",605,605,1966-08-15,40.712784,-74.005941
"546",606,606,1966-12-01,40.712784,-74.005941
"547",609,609,1874-01-30,39.466703,-87.413909
"548",610,610,1889-03-28,39.466703,-87.413909
"549",611,611,1870-01-29,39.466703,-87.413909
"550",612,612,1883-09-16,39.466703,-87.413909
"551",613,613,1884-01-13,39.466703,-87.413909
"552",614,614,1884-04-06,39.099727,-94.578567
"553",615,615,1884-05-29,39.099727,-94.578567
"554",616,616,1884-08-25,39.653599,-105.1911
"555",617,617,1884-10-25,39.739236,-104.990251
"556",618,618,1852-03-18,40.217053,-74.742938
"557",619,619,1853-02-07,40.217053,-74.742938
"558",620,620,1856-11-28,40.217053,-74.742938
"559",621,621,1860-04-29,40.217053,-74.742938
"560",622,622,1861-03-03,40.217053,-74.742938
"561",623,623,1861-11-10,40.217053,-74.742938
"562",624,624,1862-06-05,40.217053,-74.742938
"563",625,625,1868-06-03,40.217053,-74.742938
"564",626,626,1850-02-08,40.217053,-74.742938
"565",627,627,1930-05-18,43.038903,-87.906474
"566",629,629,1930-12-08,43.038903,-87.906474
"567",630,630,1931-01-20,43.038903,-87.906474
"568",631,631,1931-02-19,43.038903,-87.906474
"569",632,632,1931-03-19,43.038903,-87.906474
"570",633,633,1931-11-05,43.038903,-87.906474
"571",634,634,1932-10-01,43.038903,-87.906474
"572",635,635,1933-05-03,43.038903,-87.906474
"573",636,636,1933-05-31,43.038903,-87.906474
"574",637,637,1933-07-02,43.038903,-87.906474
"575",638,638,1934-04-01,43.038903,-87.906474
"576",639,639,1935-06-28,43.038903,-87.906474
"577",640,640,1946-12-08,43.038903,-87.906474
"578",641,641,1926-02-24,36.289486,-97.288098
"579",642,642,1926-04-05,35.910069,-96.583905
"580",643,643,1926-05-22,36.289486,-97.288098
"581",644,644,1926-06-30,36.806973,-97.733664
"582",645,645,1926-10-22,37.2653,-97.371712
"583",646,646,1947-06-11,43.16103,-77.610922
"584",647,647,1947-10-06,43.16103,-77.610922
"585",648,648,1928-05-30,43.16103,-77.610922
"586",649,649,1928-06-26,43.16103,-77.610922
"587",650,650,1928-09-09,43.16103,-77.610922
"588",651,651,1928-12-16,43.16103,-77.610922
"589",652,652,1929-05-03,43.16103,-77.610922
"590",653,653,1930-07-21,43.16103,-77.610922
"591",654,654,1932-07-29,40.440625,-79.995886
"592",655,655,1932-12-07,40.440625,-79.995886
"593",656,656,1933-08-03,40.440625,-79.995886
"594",657,657,1934-06-26,40.440625,-79.995886
"595",658,658,1935-02-09,40.440625,-79.995886
"596",659,659,1937-12-19,40.440625,-79.995886
"597",660,660,1938-12-10,33.181204,-102.274349
"598",661,661,1947-05-15,34.184794,-101.706842
"599",662,662,1947-11-20,34.184794,-101.706842
"600",663,663,1948-01-05,33.577863,-101.855166
"601",664,664,1948-04-21,33.577863,-101.855166
"602",665,665,1948-06-07,32.470952,-100.405938
"603",666,666,1948-08-09,32.470952,-100.405938
"604",667,667,1948-10-18,33.577863,-101.855166
"605",668,668,1949-01-22,33.476477,-100.855686
"606",669,669,1949-05-06,33.157603,-99.733701
"607",670,670,1949-07-13,33.577863,-101.855166
"608",671,671,1949-08-25,32.7376,-101.950992
"609",672,672,1949-11-06,32.7376,-101.950992
"610",673,673,1949-12-21,32.7376,-101.950992
"611",674,674,1950-07-04,43.16103,-77.610922
"612",675,675,1950-11-12,33.577863,-101.855166
"613",676,676,1951-01-05,32.250398,-101.478735
"614",677,677,1951-03-19,33.157603,-99.733701
"615",678,678,1951-04-08,33.594261,-99.260353
"616",679,679,1951-05-28,33.594261,-99.260353
"617",680,680,1951-11-20,34.297855,-99.740372
"618",681,681,1952-04-03,33.577863,-101.855166
"619",682,682,1953-11-02,36.400031,-100.802651
"620",683,683,1954-08-25,39.306108,-102.269356
"621",684,684,1955-01-21,39.303328,-102.604645
"622",686,686,1958-11-24,30.702225,-101.201382
"623",687,687,1959-01-27,30.702225,-101.201382
"624",689,689,1966-02-15,32.718993,-102.64491
"625",690,690,1967-10-18,32.718993,-102.64491
"626",691,691,1968-03-27,32.718993,-102.64491
"627",692,692,1834-04-12,39.952584,-75.165222
"628",693,693,1836-01-21,39.952584,-75.165222
"629",694,694,1861-07-15,40.712784,-74.005941
"630",695,695,1862-11-15,40.712784,-74.005941
"631",696,696,1858-02-25,42.886447,-78.878369
"632",697,697,1863-06-08,40.272015,-80.609519
"633",698,698,1863-12-01,41.24119,-77.001079
"634",699,699,1864-07-12,35.199802,-87.030841
"635",700,700,1864-08-28,34.605925,-86.983342
"636",701,701,1864-11-22,34.605925,-86.983342
"637",702,702,1864-12-08,36.162664,-86.781602
"638",703,703,1881-02-16,39.290385,-76.612189
"639",704,704,1881-04-11,39.290385,-76.612189
"640",705,705,1881-04-11,39.290385,-76.612189
"641",706,706,1897-06-06,39.290385,-76.612189
"642",707,707,1861-09-12,41.49932,-81.694361
"643",708,708,1862-05-26,41.49932,-81.694361
"644",709,709,1862-09-22,39.083671,-84.508554
"645",710,710,1863-03-30,40.417287,-82.907123
"646",711,711,1863-04-24,40.417287,-82.907123
"647",712,712,1863-09-08,32.665642,-79.920669
"648",713,713,1863-11-15,32.665642,-79.920669
"649",714,714,1864-06-20,30.332184,-81.655651
"650",715,715,1864-08-16,30.332184,-81.655651
"651",716,716,1864-09-01,30.332184,-81.655651
"652",717,717,1865-01-20,30.332184,-81.655651
"653",718,718,1865-03-12,30.332184,-81.655651
"654",719,719,1866-01-11,30.332184,-81.655651
"655",720,720,1866-03-12,30.332184,-81.655651
"656",721,721,1866-06-01,29.901244,-81.312434
"657",722,722,1867-03-24,29.901244,-81.312434
"658",723,723,1867-06-15,29.901244,-81.312434
"659",724,724,1867-10-23,29.901244,-81.312434
"660",725,725,1868-05-14,29.901244,-81.312434
"661",726,726,1916-02-18,40.712784,-74.005941
"662",727,727,1928-09-03,40.712784,-74.005941
"663",729,729,1952-11-20,39.724262,-77.471378
"664",730,730,1953-06-15,39.724262,-77.471378
"665",731,731,1953-12-19,39.724262,-77.471378
"666",732,732,1956-12-10,39.724262,-77.471378
"667",733,733,1957-02-14,39.724262,-77.471378
"668",734,734,1957-05-31,39.724262,-77.471378
"669",735,735,1957-09-19,39.724262,-77.471378
"670",737,737,1958-09-05,39.724262,-77.471378
"671",738,738,1958-12-17,39.724262,-77.471378
"672",740,740,1960-12-31,39.724262,-77.471378
"673",741,741,1961-01-20,39.724262,-77.471378
"674",742,742,1963-02-11,39.724262,-77.471378
"675",743,743,1963-12-03,39.724262,-77.471378
"676",744,744,1964-12-14,39.724262,-77.471378
"677",745,745,1965-01-05,39.724262,-77.471378
"678",746,746,1965-09-17,39.724262,-77.471378
"679",747,747,1965-11-30,39.724262,-77.471378
"680",748,748,1966-10-14,39.724262,-77.471378
"681",749,749,1862-06-19,45.368593,-113.409516
"682",750,750,1908-05-05,41.878114,-87.629798
"683",751,751,1856-03-06,40.770619,-74.232648
"684",752,752,1866-01-26,40.770619,-74.232648
"685",753,753,1866-06-05,40.770619,-74.232648
"686",754,754,1866-07-22,40.770619,-74.232648
"687",755,755,1868-02-09,40.770619,-74.232648
"688",756,756,1879-11-10,41.326467,-76.945521
"689",757,757,1880-03-10,41.326467,-76.945521
"690",758,758,1881-11-22,41.326467,-76.945521
"691",759,759,1883-05-29,41.326467,-76.945521
"692",761,761,1905-10-29,42.280826,-83.743038
"693",762,762,1906-02-11,42.280826,-83.743038
"694",763,763,1906-09-11,40.252612,-82.518687
"695",764,764,1906-10-14,42.280826,-83.743038
"696",765,765,1907-07-13,42.280826,-83.743038
"697",766,766,1920-05-24,40.770619,-74.232648
"698",767,767,1921-05-24,40.770619,-74.232648
"699",768,768,1930-02-06,40.712784,-74.005941
"700",769,769,1950-03-23,40.712784,-74.005941
"701",770,770,1952-04-23,40.712784,-74.005941
"702",771,771,1953-11-18,40.712784,-74.005941
"703",772,772,1955-03-29,40.712784,-74.005941
"704",773,773,1955-07-13,40.712784,-74.005941
"705",774,774,1933-12-15,39.961176,-82.998794
"706",775,775,1954-01-18,39.961176,-82.998794
"707",776,776,1955-10-24,39.961176,-82.998794
"708",777,777,1957-03-18,39.961176,-82.998794
"709",778,778,1958-06-24,39.961176,-82.998794
"710",779,779,1959-02-12,39.961176,-82.998794
"711",780,780,1933-02-02,40.845656,-74.087919
"712",781,781,1933-03-14,40.845656,-74.087919
"713",782,782,1892-01-25,40.728157,-74.077642
"714",783,783,1892-07-16,40.728157,-74.077642
"715",784,784,1893-01-13,40.357298,-74.667223
"716",785,785,1893-07-16,40.78306,-73.971249
"717",786,786,1895-01-14,41.001764,-73.665683
"718",787,787,1896-11-12,40.728157,-74.077642
"719",788,788,1898-02-11,40.728157,-74.077642
"720",789,789,1898-07-12,40.728157,-74.077642
"721",790,790,1899-06-12,40.728157,-74.077642
"722",791,791,1899-11-01,40.728157,-74.077642
"723",792,792,1900-10-17,40.728157,-74.077642
"724",793,793,1902-05-05,40.728157,-74.077642
"725",794,794,1902-11-09,40.728157,-74.077642
"726",795,795,1904-06-02,40.826489,-74.106809
"727",796,796,1905-12-13,40.840378,-74.090697
"728",798,798,1906-11-07,40.840378,-74.090697
"729",799,799,1907-02-05,40.840378,-74.090697
"730",800,800,1907-05-15,40.840378,-74.090697
"731",801,801,1907-06-17,40.840378,-74.090697
"732",802,802,1907-08-07,40.840378,-74.090697
"733",803,803,1908-12-18,40.840378,-74.090697
"734",804,804,1909-07-01,40.840378,-74.090697
"735",805,805,1909-12-21,40.840378,-74.090697
"736",806,806,1912-12-10,40.840378,-74.090697
"737",807,807,1915-01-04,40.840378,-74.090697
"738",808,808,1915-10-02,40.840378,-74.090697
"739",809,809,1921-02-01,40.840378,-74.090697
"740",810,810,1921-12-05,40.840378,-74.090697
"741",811,811,1929-12-08,40.840378,-74.090697
"742",812,812,1930-01-26,40.840378,-74.090697
"743",813,813,1930-03-06,40.840378,-74.090697
"744",814,814,1930-12-05,40.840378,-74.090697
"745",815,815,1932-12-08,40.840378,-74.090697
"746",816,816,1933-12-15,43.467759,-90.154849
"747",817,817,1964-12-18,43.467759,-90.154849
"748",818,818,1967-12-15,43.467759,-90.154849
